Report Refresh Date,Site Id,Site URL,Owner Display Name,Is Deleted,Last Activity Date,File Count,Active File Count,Storage Used (Byte),Storage Allocated (Byte),Owner Principal Name,Report Period
2025-10-13,00000000-0000-0000-0000-000000000000,,91FD8BCBFCA56B87235BCBEF28380B4A,False,2025-10-13,434,18,116041647,1099511627776,A03BA39D00E188D0156D4480D1177D9F,30
2025-10-13,00000000-0000-0000-0000-000000000000,,986AE4612E651CF265F7E7B571F34F6C,False,,143,0,35104050,1099511627776,B436EB3BB009909E8B815FB48AB04833,30
2025-10-13,00000000-0000-0000-0000-000000000000,,2E117AD57E8C4C0FFA3C762C6A87150A,False,2025-10-13,1357,13,336231323,1099511627776,444D60FA868DBC5D9EB6CBBA33B968C0,30
2025-10-13,00000000-0000-0000-0000-000000000000,,BC039C563064AC17FE563A448FC8F360,False,2025-10-13,655,20,533884600,1099511627776,505CAB3546244C40672DA015A01CA2F3,30
2025-10-13,00000000-0000-0000-0000-000000000000,,F3A00DC9450D816FECB3C2E4C4D59CAE,False,,19,0,1633943,1099511627776,A04A03B7F16CB564EC6243E73A7A9F0E,30
2025-10-13,00000000-0000-0000-0000-000000000000,,7B0B72D11DBE7655C6F7E4BC63AB9755,False,2025-10-13,1,4,129351,1099511627776,DF706E18CAE7F2548520DC1FE2439EB7,30
2025-10-13,00000000-0000-0000-0000-000000000000,,08215980B0CBA8F3DC006A6494B60CC9,False,,0,0,127107,1099511627776,DB8984368E87924AE40F655D00A4C433,30
2025-10-13,00000000-0000-0000-0000-000000000000,,2540A83BEE9BCB0D5BEC21D7261EEFEB,False,2025-10-13,124,14,48814411,1099511627776,4398CE6E21882E313DAEAB20B71040FB,30
2025-10-13,00000000-0000-0000-0000-000000000000,,05F9037829C59A0BB398106BB5384684,False,2025-09-29,2,2,1337985,1099511627776,028367B34C365FD94697B23EE0996204,30
2025-10-13,00000000-0000-0000-0000-000000000000,,DB21B98431BADC9C1993E2ECB7AB63A5,False,2025-10-10,307,2,9307401,1099511627776,87037451952A19155C8F7E795361558B,30
2025-10-13,00000000-0000-0000-0000-000000000000,,278458B3C713CD9840D1062E41BB6637,False,2025-10-13,436,3,75440147,1099511627776,427679D5F48973078637931C0DE1DF24,30
2025-10-13,00000000-0000-0000-0000-000000000000,,A3F6B3A7EF90BA62BEC3FCEC89C6B206,False,2025-10-13,2,4,265887,1099511627776,D91359FFF1AFF691D311481D504B2E98,30
2025-10-13,00000000-0000-0000-0000-000000000000,,D950A7C29005DF799DF42E5C1C16E0D1,False,2025-10-08,22,16,4384338,1099511627776,5EA729B88DE734626D38F5484D24A608,30
2025-10-13,00000000-0000-0000-0000-000000000000,,9C4B046A8F4A46216B2DC9BD976812FE,False,2025-10-13,30,3,12311794,1099511627776,7C4D929D5BE35F18ED73FC86740AEBF2,30
2025-10-13,00000000-0000-0000-0000-000000000000,,D026516B3489028DE812CD1ED23AEF7C,False,2025-10-01,0,1,126709,1099511627776,A660A668552D437D2060BBA53F7374F0,30
2025-10-13,00000000-0000-0000-0000-000000000000,,876C80A3B3786D846827848F6B3A193E,False,2025-07-23,0,0,128023,1099511627776,0F1AE54856529D48CBA2BE5F59539186,30
2025-10-13,00000000-0000-0000-0000-000000000000,,16A98AE2AD56FC2FBFC3894B4B89D6AE,False,,59,0,35403256,1099511627776,73FC050310C2326B71BC79AFB85591C4,30
2025-10-13,00000000-0000-0000-0000-000000000000,,940AF171042891849E3A8B5B33A95201,False,2025-10-08,322,8,11575790,1099511627776,286E07AE7434D85D85724CFC5C4CDA5C,30
2025-10-13,00000000-0000-0000-0000-000000000000,,9BCC8360AB36A52D09341282FFABA1F6,False,2025-10-13,813,23,284566120,1099511627776,C5F5CB94F1C1D12D5321C9E502BE64C6,30
2025-10-13,00000000-0000-0000-0000-000000000000,,3FD291389C41D94E6C9424315699A85E,False,2025-08-13,399,0,145002121,1099511627776,BCA8E35DB43B5C00271299F62D3DE7C6,30
2025-10-13,00000000-0000-0000-0000-000000000000,,49688FD6C3F18FD440BC3BDF28EB941F,False,2025-10-03,264,2,20655410,1099511627776,3747D833209EB50343F0656A05352018,30
2025-10-13,00000000-0000-0000-0000-000000000000,,8F4A69833315291CA3D1C54322E5B051,False,,4446,0,3327578032,1099511627776,770F5886BCE609BF5AAEB90E353E0C44,30
2025-10-13,00000000-0000-0000-0000-000000000000,,6A7F62C043CF12A8BDA6C27F63FBEDF3,False,2025-10-01,49,1,5845667,1099511627776,BCCBEA223902B62AB7AA8D594B536931,30
2025-10-13,00000000-0000-0000-0000-000000000000,,C4C479F596DD716C77D7C29F00482391,False,,140,0,29353428,1099511627776,1EC6EA7A68224CFF78FA57F5E6747EDD,30
2025-10-13,00000000-0000-0000-0000-000000000000,,E7E67FD96A2BA2DC9BE5E4BAB8ABFBC6,False,2025-10-11,6,3,628480,1099511627776,663D0E6B1C2948B6ECFB86F0B1D065DB,30
2025-10-13,00000000-0000-0000-0000-000000000000,,905E077B5B8D7DAC3FB5E2A8D8F5DE9A,False,,308,0,10553577,1099511627776,48931A51EB437D925ED073232C278342,30
2025-10-13,00000000-0000-0000-0000-000000000000,,40EEA20D7B52F448AB89DEF1768FD337,False,,65,0,147791752,1099511627776,1F2AFE93A66C2F4B23D9701A9584D283,30
2025-10-13,00000000-0000-0000-0000-000000000000,,8D8BC93BA9B72786EDB278C198919289,False,,1,0,156684,1099511627776,096BDBE89A8C00C2C556A6962AE647BA,30
2025-10-13,00000000-0000-0000-0000-000000000000,,04313B6FDDDF21CCF0A8A15F35A368C2,False,2025-10-07,393,9,110354432,1099511627776,A766A420661C6E648A417E52887E4E1A,30
2025-10-13,00000000-0000-0000-0000-000000000000,,76D6C03C4B97F6037730D8A9179637E7,False,,19,0,975536,1099511627776,0DD979B18D70F787F91ED5BA1974C249,30
2025-10-13,00000000-0000-0000-0000-000000000000,,81B0E81EFF44BF27A3A17BB6D2CBFD78,False,2025-09-30,10,1,2215497,1099511627776,6029F31607D2675AE97664E6A4E2F7E0,30
2025-10-13,00000000-0000-0000-0000-000000000000,,76F87BC79994DCD5F6CD007118F059A3,False,2025-10-09,187,187,230511414,1099511627776,76D8C399B4403620E86AC2CC671DBDC4,30
2025-10-13,00000000-0000-0000-0000-000000000000,,C0542ADAE652B4101C55E0B2AF87749D,False,2025-10-13,3,115,267793,1099511627776,06ECA98BC11F3FE157779071C4448538,30
2025-10-13,00000000-0000-0000-0000-000000000000,,99E8A18B36DC35959D9F7E22E0DA1EF8,False,,0,0,128022,1099511627776,AA14E761DFC6A9739B84B222E5871899,30
2025-10-13,00000000-0000-0000-0000-000000000000,,5D79984B09C56EDE2EB6C5557AEBD461,False,,4,0,242486,1099511627776,4A742ECB12BED078D7DA2594E30C5A44,30
2025-10-13,00000000-0000-0000-0000-000000000000,,259AC37FD4FC061BB228026C5758FD44,False,,0,0,128172,1099511627776,064FD875854EBE001E9CA36ECB3F4960,30
2025-10-13,00000000-0000-0000-0000-000000000000,,8A0266F23767B7FFBF3A609CC99427FB,False,,0,0,127760,1099511627776,6250DB571604A38D0C3BE3A4277FF068,30
2025-10-13,00000000-0000-0000-0000-000000000000,,26120CBD4739107507117583EC0B9870,False,2025-10-13,2238,447,2391216662,1099511627776,B2737701B41220FC25B394744FECA78B,30
2025-10-13,00000000-0000-0000-0000-000000000000,,E13180684F2F3189917EAE9AFF5F01AD,False,,15,0,478531,1099511627776,8A27354AA934B0790C6441D85C5986B1,30
2025-10-13,00000000-0000-0000-0000-000000000000,,B1EBB88347B12CE0216DF955F051C5F3,False,,1080,0,236174842,1099511627776,33C5A107633625B5E6F0A7E4096047C5,30
2025-10-13,00000000-0000-0000-0000-000000000000,,C31B4F6136B50F87D430373A95A9BF81,False,2025-10-13,44,13,16104908,1099511627776,69091127FAC7C7C1495235D8DB49CD48,30
2025-10-13,00000000-0000-0000-0000-000000000000,,CF9F53271805213D988F76BDB0B1D0AD,False,,373,0,30071648,1099511627776,97B4952D5618A6BC9E623C3852518F47,30
2025-10-13,00000000-0000-0000-0000-000000000000,,C8B0C2DCFCE3BAD2F7A80FCE345D486F,False,,560,0,60931972,1099511627776,CF3FD92721AC7817B8FC0E2493479148,30
2025-10-13,00000000-0000-0000-0000-000000000000,,42C1418780847C006337507BD6E5296F,False,2025-10-13,66,20,34155395,1099511627776,BEBC2DDA1B313388F7016EEFD602FF83,30
2025-10-13,00000000-0000-0000-0000-000000000000,,A9E59B665FD969B0C21658121CD68F68,False,2025-10-13,46,11,92503828,1099511627776,1B93270312B523D2BCACB4D48730CF2F,30
2025-10-13,00000000-0000-0000-0000-000000000000,,843B86F0FE4A71D64280E876FC0F022A,False,,0,0,152002,1099511627776,1CC9C013CF7F37F935236A0EFEDEAD42,30
2025-10-13,00000000-0000-0000-0000-000000000000,,F874CF062096F9734AABC66F69158D63,False,,1,0,139463,1099511627776,D700F769EC4AAC3F22D3854DF59DF96C,30
2025-10-13,00000000-0000-0000-0000-000000000000,,D660DBA705A2D5544F712F9C1ECF5C82,False,,4,0,471666,1099511627776,7F2B1619DC732A9633AA3D87CEFE1155,30
2025-10-13,00000000-0000-0000-0000-000000000000,,7C40E2041F48989DC4E9C9B2DC46766C,False,2025-10-13,747,65,61210395,1099511627776,96C9E602117E715637A37C2E40B6FCC2,30
2025-10-13,00000000-0000-0000-0000-000000000000,,07FFC80B4545EAAC3A130EF88D096B11,False,,0,0,126766,1099511627776,81351B318F67F668192133D33D180A2E,30
2025-10-13,00000000-0000-0000-0000-000000000000,,64A6257EF5DF3F79EFE53EFC762FEC78,False,,23,0,3040531,1099511627776,7A899020DE14F56CA1D74BA05C9B8527,30
2025-10-13,00000000-0000-0000-0000-000000000000,,9C2770DBF7449FF4710AEBE348B65CB7,False,,0,0,126752,1099511627776,B95E95160DA0283712D6CA1232111E44,30
2025-10-13,00000000-0000-0000-0000-000000000000,,5A50B12423A291A6DEF54DF7E3CEA5A6,True,,0,0,126781,1099511627776,0C9D313CD7E9733257990988EAC01BB2,30
2025-10-13,00000000-0000-0000-0000-000000000000,,1A3829E806D0CBC20000D5C241BA53AF,False,2025-10-13,3410,31,242165849,1099511627776,A272098469E8316B4052097D7CE1D644,30
2025-10-13,00000000-0000-0000-0000-000000000000,,C7D2C762A064ED2D00F560877E22D5A5,False,,0,0,127000,1099511627776,C8A3CEB3EF0A30429C5B72907AF03B9B,30
2025-10-13,00000000-0000-0000-0000-000000000000,,81201C116222E14D8EC17FE37ACEBE96,False,,0,0,128044,1099511627776,C21B8F8A9E5DA2C9A180A9A6B02AA67B,30
2025-10-13,00000000-0000-0000-0000-000000000000,,28BD0F47B4AC7BC1023B6FDB62F62CB4,False,2025-10-13,181,86,90179248,1099511627776,0BE61BF29F219223979E98E176C6BA1C,30
2025-10-13,00000000-0000-0000-0000-000000000000,,BD18FAD4F253DE1A30DF3D2BEC5BA5AF,False,,0,0,127267,1099511627776,FC72B5B2C4231C4B022E1BA04419B50E,30
2025-10-13,00000000-0000-0000-0000-000000000000,,A46702B05D6428B532285FD2722F8AAB,False,2025-09-24,10,3,2719019,1099511627776,DFF9D1CF217B958137B6B99406981C8F,30
2025-10-13,00000000-0000-0000-0000-000000000000,,1FAEBF310CE60EE6D50764F3F4E7313D,False,2025-10-13,30,3,194486528,1099511627776,9E82EC4E551E070A19A969A66ED75B12,30
2025-10-13,00000000-0000-0000-0000-000000000000,,34435430E711A6C83DC1A68F51D26068,False,2025-10-13,4946,379,1406632925,1099511627776,C63F8D3AAE6517FBE1EFE15A3CAB03D7,30
2025-10-13,00000000-0000-0000-0000-000000000000,,CE7674A914F3B3E8EE07E38FBFF70634,False,,0,0,127049,1099511627776,5C0B4374888CAF53BA40EEF92546EA43,30
2025-10-13,00000000-0000-0000-0000-000000000000,,1C2DF5EDAC5D97884288E4CE3F456C64,False,,22,0,980768,1099511627776,D55A3412745588EB619286FA3C3C6BA7,30
2025-10-13,00000000-0000-0000-0000-000000000000,,3F296BE9CBD913B4FC19CDA5C4D818A3,False,,0,0,127369,1099511627776,1E4E0208FD49F2CCE23CF78A1BB66414,30
2025-10-13,00000000-0000-0000-0000-000000000000,,EE8204EB31921809EE34E616EE6E8E5E,False,,5,0,293042,1099511627776,3B3F6A06C58B3D92A50209C45F8587C1,30
2025-10-13,00000000-0000-0000-0000-000000000000,,7320ED34C9DDF4FC58FC3A85CDCBC76B,False,2025-10-13,90,38,113750643,1099511627776,A483E0AA82B87886F15EA332358A14DA,30
2025-10-13,00000000-0000-0000-0000-000000000000,,6806949A4AF050679CF2D9B9958CB3EE,False,2025-10-13,326,1,24851932,1099511627776,6C5E0B7C250BC124060BDB09A6C2B616,30
2025-10-13,00000000-0000-0000-0000-000000000000,,236A401EE9D54AE1A5730B84290FF234,False,2025-09-15,23,4,4312452,1099511627776,65A3C7DD22ACF39BBBF4DAA42A8CB2CA,30
2025-10-13,00000000-0000-0000-0000-000000000000,,C3DFFA38CE3CA0790558E23C4C40D8B2,False,2025-10-13,144,26,71441979,1099511627776,B8D2F622E957E72F7DC801EA54BEE6FF,30
2025-10-13,00000000-0000-0000-0000-000000000000,,6F4BDFEA5F877251BF87567D0A96FC43,False,,0,0,255047,1099511627776,5F59F50E034CBA691B1ADDB3AD5451BC,30
2025-10-13,00000000-0000-0000-0000-000000000000,,3ACB22D5EC53727C1AE0724408D2A057,False,,367,0,67034134,1099511627776,8C0C933E7CC1BB395AB10AAB776960D9,30
2025-10-13,00000000-0000-0000-0000-000000000000,,ACCD53C0CC5E9349A38DE910AEF71DFF,False,2025-09-30,8,2,4344029,1099511627776,C466C845508EB85AD2ABDAF2380D8F81,30
2025-10-13,00000000-0000-0000-0000-000000000000,,28DE82E9B5D5A0239101E9513157A4B2,False,,10668,0,16964099826,1099511627776,D5088E3B3729A64D29DCB2A58D96D64F,30
2025-10-13,00000000-0000-0000-0000-000000000000,,C83967875F389538B0276F5DD83ED1C5,False,2025-10-13,6,4,8994264,1099511627776,490D2044A0C2E684863BD3998970FA64,30
2025-10-13,00000000-0000-0000-0000-000000000000,,D578740E5A8800CF93BD5AE0E057670C,False,,1,0,153820,1099511627776,5AF613B4EC9EE008028A1F5486912552,30
2025-10-13,00000000-0000-0000-0000-000000000000,,49AC434411918698FD718F9906C1169A,False,,5,0,1185425,1099511627776,A04E53AB73AAFAF904E7785678CC0FE2,30
2025-10-13,00000000-0000-0000-0000-000000000000,,5E1F16773AAF5BD4BBFA88CE2119E25F,False,,29,0,2521112,1099511627776,D4561C4ABECB81D7A9CE878352161895,30
2025-10-13,00000000-0000-0000-0000-000000000000,,EAB666795BE813777CB5C0162EDBB6AB,False,2025-10-13,895,133,261818831,1099511627776,B610379DA64670CF4EB0D9AEB2FDAFDB,30
2025-10-13,00000000-0000-0000-0000-000000000000,,2E0C35E17E340B7FE489FC8F0510FE17,False,2025-10-08,61,3,1484632,1099511627776,82C5561DD1E29C4D7F4721BB124FAE89,30
2025-10-13,00000000-0000-0000-0000-000000000000,,CB9BC0942BB124688CE755734E36B819,True,,1222,0,871556650,1099511627776,E30C33E690C082DB73829EA5F51C8DDB,30
2025-10-13,00000000-0000-0000-0000-000000000000,,DA8D500DED58A92569C3D6D5A2C0E1D0,False,,216,0,206426846,1099511627776,C050589D2D84C7671860B0CCA1AFA9A5,30
2025-10-13,00000000-0000-0000-0000-000000000000,,76BC87C10B44AAAA3DC6FCE76D3C2F60,False,2025-10-13,842,3,80008783,1099511627776,89B4C8D2EC3BA5A2A4DDA25AF756DF5B,30
2025-10-13,00000000-0000-0000-0000-000000000000,,D3F0C521010B28AFD2B3B3F4E7A0D49B,False,2025-10-13,9,8,12619826,1099511627776,EF3BEB75C977BD2F7FFB3AAE8634267B,30
2025-10-13,00000000-0000-0000-0000-000000000000,,4E012D08C877F865D6EAAA29A055038C,False,2025-10-13,901,3,304365027,1099511627776,E5EBC64C9FE0CDA34C427A8218155285,30
2025-10-13,00000000-0000-0000-0000-000000000000,,B3F3C63E166E728703548CEFEEAFEA44,False,,99,0,24322915,1099511627776,5BD88A2E560710A40E2BA6D7C70015A3,30
2025-10-13,00000000-0000-0000-0000-000000000000,,0097A5A94ECE783CF3557128BCE26B24,False,,420,0,522147280,1099511627776,B25744375087C4C6E24B665C04A12DC3,30
2025-10-13,00000000-0000-0000-0000-000000000000,,8E0AA6D2A05201F2D6196254FCA00311,False,2025-10-13,13231,1921,11540021696,1099511627776,A49A517D0122A54BAB0CA0D4D780F9BF,30
2025-10-13,00000000-0000-0000-0000-000000000000,,2031D4EC94F00B77BEB604BA3088B28B,False,,2321,0,765183540,1099511627776,E2EA1CAD4FDDD4DB13DF18AC3D770441,30
2025-10-13,00000000-0000-0000-0000-000000000000,,171663C3E148420A4D38D5DFB3706E0B,False,,1,0,141929,1099511627776,71480F5D30FA194D3E1FF190CE406841,30
2025-10-13,00000000-0000-0000-0000-000000000000,,A6978154D532BD7DFD3E16A49FEA66D0,False,2025-10-13,809,268,266277826,1099511627776,DE85474A9B489AC654BD1F7E348EF834,30
2025-10-13,00000000-0000-0000-0000-000000000000,,2648ABF2F748B8CC3EB73FD3DD01765B,False,2025-10-13,954,97,565154205,1099511627776,A70AE64331336EE7EF08721E4568E500,30
2025-10-13,00000000-0000-0000-0000-000000000000,,BE3A972ADC631639CAB0BC9E507C403A,False,2025-10-13,12,4,11938201,1099511627776,A84E99EEBE60468F964AD46E1980DC9F,30
2025-10-13,00000000-0000-0000-0000-000000000000,,92337AA5FBE226B9C7F19CC0406FDA31,False,2025-09-25,306,1,11680906,1099511627776,E0CA1D25ED08E2B5AD9BDE5648125BCE,30
2025-10-13,00000000-0000-0000-0000-000000000000,,EBA9FD5CC60713E9AAD3E16A71132B0D,False,2025-10-10,28,9,7696000,1099511627776,18456635F4AEE8021558C30CE12F20FD,30
2025-10-13,00000000-0000-0000-0000-000000000000,,25C594753BAA824B84C4BEB7DC6474FB,False,2025-10-06,1,1,229470,1099511627776,0EB32241EA51636796668736F4D8132C,30
2025-10-13,00000000-0000-0000-0000-000000000000,,BE71B94A5C71A59A9190F8EEEF08A83D,False,,2,0,155482,1099511627776,526C31B184C508B0DC72EDE100051F9C,30
2025-10-13,00000000-0000-0000-0000-000000000000,,BF5F3D1CD867A1E68DE6D5A4605FB655,False,2025-10-13,2964,18,972313234,1099511627776,7D376CFAB4C521CA43A4DDBBCA3133EE,30
2025-10-13,00000000-0000-0000-0000-000000000000,,19916A28A57E5F35EC5D1ADDA9A774C3,False,,1921,0,834685714,1099511627776,A4F50A87311449E3E6EF7BEDB0D38AD9,30
2025-10-13,00000000-0000-0000-0000-000000000000,,EAB92A4063F3ADA756949E1695C863BF,False,,1504,0,152341202,1099511627776,95CDE445AE3413BFB5A80E575808ACB2,30
2025-10-13,00000000-0000-0000-0000-000000000000,,233C7240F1D0B5A325B093784265841A,False,,0,0,126739,1099511627776,1338CC40875F700273154CECF4906BDF,30
2025-10-13,00000000-0000-0000-0000-000000000000,,AEDC00E0E2FD632A3D1585B4C75F39CA,False,,0,0,126884,1099511627776,AB72147A4686EF028058A2F2D9A5902C,30
2025-10-13,00000000-0000-0000-0000-000000000000,,C2AF3287630C3F4A60203F7BB9AE5F51,False,,32,0,9696568,1099511627776,19F5C1B1D126CB7B27F039E311D7F7EA,30
2025-10-13,00000000-0000-0000-0000-000000000000,,3EACBB9F651340DAE47B161435D091DB,False,,312,0,333345180,1099511627776,709DBB64746786D927655674AD177C87,30
2025-10-13,00000000-0000-0000-0000-000000000000,,BBAF5B38B9292F307D80886362BFF8DE,False,2025-10-05,5,2,1525820,1099511627776,C8519D1D467BC738A14665B439552366,30
2025-10-13,00000000-0000-0000-0000-000000000000,,B49A112FA0E6D80355837CDE7D26FE67,False,2025-10-13,251,6,393567791,1099511627776,DA0896F9DB138BF66A0864759B44E2F5,30
2025-10-13,00000000-0000-0000-0000-000000000000,,379A243DD4CB88BE35B87A4E0BC07917,False,,0,0,127290,1099511627776,B8D39A60C778A5D451B956FC39915726,30
2025-10-13,00000000-0000-0000-0000-000000000000,,FC2106A43DC31195346427FAC0A7D3B0,False,,0,0,148409,1099511627776,9F5FAE7C9F55C6E9810580803D4F2895,30
2025-10-13,00000000-0000-0000-0000-000000000000,,7B8CE1F480D365A1D104AE0A1CECDF5E,False,,0,0,127448,1099511627776,E4DEA46C3858BE9CB1BA4FC1E2CA58D0,30
2025-10-13,00000000-0000-0000-0000-000000000000,,1C0A444556AAF5243B6DCEE353C2CE91,False,2025-10-13,37,28,1300466,1099511627776,DDA15866F78422E66DDB60EF776EE0AF,30
2025-10-13,00000000-0000-0000-0000-000000000000,,F5A8A6ED086A5DAB05C0F9B64CFD4E49,False,2025-10-13,1745,105,904266439,1099511627776,AADAAA6ED20EB3A3035FF5A1A8FF254C,30
2025-10-13,00000000-0000-0000-0000-000000000000,,DA090A1E407976462D36DF8799C1525E,False,,343,0,68474342,1099511627776,ADF519024487702CB191C0A222F27B23,30
2025-10-13,00000000-0000-0000-0000-000000000000,,A17B8A7F8589B305CCE3C42B8B5EF670,False,,2,0,376147,1099511627776,EDA7E729CBF84EF0736A9FBEAEF19E58,30
2025-10-13,00000000-0000-0000-0000-000000000000,,3677F4915F26AFBB6824E5C061CE7F46,False,,56,0,3575227,1099511627776,8DB54C844B218AB2635086A013D1B504,30
2025-10-13,00000000-0000-0000-0000-000000000000,,9911FEEB4FBB9DE42DB5D567B792B118,False,,0,0,127336,1099511627776,CE41EE3E398B2FA130600333B8B5E0FF,30
2025-10-13,00000000-0000-0000-0000-000000000000,,DDFE5165DA7912387F27C28C7F87AD11,False,,0,0,126648,1099511627776,35DEDC379E9B30D130547D6F38F4C655,30
2025-10-13,00000000-0000-0000-0000-000000000000,,995A317645B1B978A4B8E3E0879E76EF,False,2025-10-13,36,6,19843376,1099511627776,24311511A50B3EFF4A27177E22A727AC,30
2025-10-13,00000000-0000-0000-0000-000000000000,,FC811B5D0E59C1425EEDF0E7B1E3C2FF,False,2025-10-13,18289,5207,11502235618,1099511627776,CA2A84EA00B4CE42C386D89C1F615733,30
2025-10-13,00000000-0000-0000-0000-000000000000,,CF909B0240D4428D354986DEBEEACD5A,False,2025-09-04,15,0,1174352,1099511627776,E5B501B77481295A34FF58862139A405,30
2025-10-13,00000000-0000-0000-0000-000000000000,,704DCD9319C206A514F6B52C284931BF,False,2025-10-13,22,9,11832059,1099511627776,4009ABB451ACE52B8A6824E2E8E9DDED,30
2025-10-13,00000000-0000-0000-0000-000000000000,,B93F8DDBC5162216B36901CFA97AFECD,False,2025-10-10,761,2,524243594,1099511627776,AB6F2F37887341C98971DBC05C7FB0B3,30
2025-10-13,00000000-0000-0000-0000-000000000000,,8A14EC37BA8906208A1FCD84A611CFEE,False,2025-10-13,256,12,152774123,1099511627776,AF9808DD8900C458AD3C6E22FFA1A205,30
2025-10-13,00000000-0000-0000-0000-000000000000,,263997FEE047EB4CAFDDED2CCC693447,False,,0,0,127342,1099511627776,AAFA2C95444749752D8BD08A914D2AB7,30
2025-10-13,00000000-0000-0000-0000-000000000000,,E060A712107D40CB910ECCA0783C805B,False,2025-10-13,1236,2,1275130525,1099511627776,F230DE8C9FF4A7BE46D130F679467275,30
2025-10-13,00000000-0000-0000-0000-000000000000,,22AA78C3ECB3DCF2BA3D7E02DBDEDB38,False,2025-09-17,3,1,320121,1099511627776,BC5C67B62BEB434587136CC57F6016ED,30
2025-10-13,00000000-0000-0000-0000-000000000000,,F89233FADD7A0AB3E3A6E00BA54EDBA9,False,2025-10-09,146,6,71183369,1099511627776,8CFB9B1C581050E6C97E1FD6037EB611,30
2025-10-13,00000000-0000-0000-0000-000000000000,,2256A513BF14F104F6A112871AA3AF27,False,,0,0,128013,1099511627776,7E9E8C0D24AD57CD3438640A911F234F,30
2025-10-13,00000000-0000-0000-0000-000000000000,,6D34AC810472BD00D1786DCE82362961,False,2025-10-13,2914,1262,1190228714,1099511627776,923820E3F875F5A92DEF153C6F44C7A3,30
2025-10-13,00000000-0000-0000-0000-000000000000,,E844230704166941B6D65B45F703E6DC,False,2025-10-07,3,2,330277,1099511627776,4F3CEB76211528D07B694622B71B4ED7,30
2025-10-13,00000000-0000-0000-0000-000000000000,,228359AB8C11FF739673D04310841992,False,,747,0,874163567,1099511627776,AC85F0426DA880F37F1A51E978B11A23,30
2025-10-13,00000000-0000-0000-0000-000000000000,,794D6AC32B3AE8233525C62F3127F561,False,,555,0,416266446,1099511627776,203385AC808A9D79643C9C184A1BEC09,30
2025-10-13,00000000-0000-0000-0000-000000000000,,6C0C25CBE60CE7C5CDB393875FD710F6,False,2025-10-10,23,18,6712275,1099511627776,CAB088944A94AC553DAA83A945CF128D,30
2025-10-13,00000000-0000-0000-0000-000000000000,,6B8FFA2B78C3D5B64D428ADDF8946FF2,False,,0,0,148395,1099511627776,B91F663888F486939D25A4DE05DE1FF4,30
2025-10-13,00000000-0000-0000-0000-000000000000,,EB479EC336C92FAE7ED4AE25F3EE1937,False,2025-10-13,541,238,59031171,1099511627776,E8CA9C51A30083828BEFCC5F5D2B638C,30
2025-10-13,00000000-0000-0000-0000-000000000000,,AC68E940DF9BC305BC0D94199966FF93,False,2025-10-09,437,355,303214515,1099511627776,85229FADA561553B4DEB492D52C6FBF0,30
2025-10-13,00000000-0000-0000-0000-000000000000,,DEF6B258F291DE6A84ACDEAB2AB3B64D,False,2025-10-06,12348,13,5634282287,1099511627776,C7AFEE02D28E842F48481A01F4CAB64E,30
2025-10-13,00000000-0000-0000-0000-000000000000,,43DA3950E9BCD6A0A7A453AFFA2A0173,False,2025-10-08,565,2,452366193,1099511627776,7DD804910EE5F5B248D3A0080C18BC8C,30
2025-10-13,00000000-0000-0000-0000-000000000000,,95B8509AAFF1ADF7FE31A3106345628E,False,,336,0,440478845,1099511627776,A11507044C6CFF2AA42B2EDF88174C0A,30
2025-10-13,00000000-0000-0000-0000-000000000000,,7862EDC27FF2FAD72AA2A2619B4BE174,False,,90,0,45363524,1099511627776,C2CB7F766107E2810A02066DADD90988,30
2025-10-13,00000000-0000-0000-0000-000000000000,,0CEAFCE164F8696C39BFD465D5DCF1E6,False,2025-10-13,772,2,45204500,1099511627776,0A515BC6794425B5C4D54E2B5C2A3B90,30
2025-10-13,00000000-0000-0000-0000-000000000000,,5E20891E4A7F84863ACB923A50EFBC04,False,2025-09-05,2,0,138046,1099511627776,C0326C99219CAA54689704A4958FEC5D,30
2025-10-13,00000000-0000-0000-0000-000000000000,,635DC361C1250A8062533FA201734C72,False,,490,0,116546972,1099511627776,7222D571F1755AA5567EB63717A729F1,30
2025-10-13,00000000-0000-0000-0000-000000000000,,DEDD0A9317384171E9C6D050996BD549,False,2025-10-13,5666,2728,9711803767,1099511627776,0268A9FC88213E9053230B4C8C36FA79,30
2025-10-13,00000000-0000-0000-0000-000000000000,,7783C59DF240E81443F3D5535741B8D0,False,,739,0,378375967,1099511627776,BC9BE077E80D2070C4BCD3F6C75F6351,30
2025-10-13,00000000-0000-0000-0000-000000000000,,79513E372A4401AAEE5BA9887BEF513B,False,,2382,0,1481527722,1099511627776,99BD7CB1E164B5FD6FB7FC07DC5426EA,30
2025-10-13,00000000-0000-0000-0000-000000000000,,2C7A4CDD02187621444A4D7363DA2331,False,2025-10-13,899,8,211101511,1099511627776,E140F13C559C273943C69C97B52EEC02,30
2025-10-13,00000000-0000-0000-0000-000000000000,,3121072E28104FF2138C25431142FA1B,False,2025-10-07,13,5,9079642,1099511627776,5461776035427F1D40260319581B826C,30
2025-10-13,00000000-0000-0000-0000-000000000000,,6BBFC35606CFD2CC2C191975C701DFD3,False,,50,0,139048676,1099511627776,83C2234193C826C95B8CE5A881FB63D4,30
2025-10-13,00000000-0000-0000-0000-000000000000,,A95B460D813AC02A477200EF9553EBC0,False,2025-10-13,2,2,247424,1099511627776,3C0B4A016AA90AAC4D86C7FAB793F1CC,30
2025-10-13,00000000-0000-0000-0000-000000000000,,F221595C8667851EC538ACD76FA45F6D,False,2025-10-13,5,1,355792,1099511627776,FD81DCF7CBE8997F918D6341D10A0C93,30
2025-10-13,00000000-0000-0000-0000-000000000000,,27840BDDCAE3402CD4C6BBC1366741B7,False,2025-10-10,533,13,154498469,1099511627776,F0294A776AE86F333651BB36527EF7A9,30
2025-10-13,00000000-0000-0000-0000-000000000000,,715A1595FF15885117C8375E6777FB38,False,,0,0,127309,1099511627776,5CE48F5F524E2310D4182D6F90B62986,30
2025-10-13,00000000-0000-0000-0000-000000000000,,60E39BA4292A400B37B537BF58EB6CAA,False,2025-10-12,57,1,13394215,1099511627776,E185AD6A58EA7EA9E7B03487414E2FDC,30
2025-10-13,00000000-0000-0000-0000-000000000000,,B1378E83B9D80DD64E650CE907948F6B,False,2025-10-13,94,3,17600553,1099511627776,226B3488E952EA75BFDACEBD9060BABB,30
2025-10-13,00000000-0000-0000-0000-000000000000,,78B307820D7B26B65DB5C24A55F765F9,False,2025-10-13,65,7,23221437,1099511627776,2AAE0ADED530F7FDD3C1444D7D967FFB,30
2025-10-13,00000000-0000-0000-0000-000000000000,,6E827E174528D6DEF735EBF8296A6E93,False,2025-10-13,859,12,984282311,1099511627776,50BBAA3D09EF184A60B59DFA6A4D42E7,30
2025-10-13,00000000-0000-0000-0000-000000000000,,250D44A76C287442C74EC782E9BDE45E,False,2025-10-13,372,67,182056583,1099511627776,7287F9B36BAB7A793B733F527D534890,30
2025-10-13,00000000-0000-0000-0000-000000000000,,A8A8ED5F7773BFF3189C20E775C87239,False,,949,0,228614493,1099511627776,D72459A872B2CF07425CAF7B5CD04024,30
2025-10-13,00000000-0000-0000-0000-000000000000,,4234771B81D85F7B80A23FB85B082913,False,,5772,0,983212846,1099511627776,A437B7C6FD50AFA08152693D54CD577F,30
2025-10-13,00000000-0000-0000-0000-000000000000,,A8D6685DEED23685D30914AD7DFCA18F,False,2025-10-10,87,8,40015465,1099511627776,62B63AB6E057917FC28C6DFEF0F41D7F,30
2025-10-13,00000000-0000-0000-0000-000000000000,,6FA2E60B2B4A204539678FFE8B91D8AC,False,2025-10-13,4,5,8157868,1099511627776,4E2188DC36B4B351BB8890CD3E6B473B,30
